node,node_type,in_degree,out_degree,total_degree,betweenness,pagerank,in_cycle,scc_id,scc_size
Hypertension,exposure,240,100,340,0.084629,0.107118,True,91,61
Disease,regular,125,31,156,0.030814,0.045919,True,91,61
Alzheimers,outcome,127,23,150,0.022577,0.051876,True,91,61
Inflammation,regular,51,8,59,0.006098,0.012752,True,91,61
Obstruction,regular,5,14,19,0.004684,0.002029,True,91,61
Contraction,regular,32,1,33,0.003672,0.008975,True,91,61
Injury,regular,40,14,54,0.003631,0.007067,False,106,1
Obesity,regular,8,15,23,0.003297,0.002435,True,91,61
Toxic_effect,regular,32,4,36,0.002919,0.005788,False,111,1
Insulin_Resistance,regular,17,7,24,0.002912,0.004006,True,91,61
Heart_failure,regular,17,4,21,0.002879,0.010268,True,91,61
Ischemia,regular,9,10,19,0.002569,0.003878,True,91,61
Fibrosis,regular,21,3,24,0.002541,0.007071,True,91,61
Oxidative_Stress,regular,32,7,39,0.002516,0.005473,False,133,1
Functional_disorder,regular,23,7,30,0.002365,0.007188,True,91,61
Complication,regular,28,4,32,0.002196,0.008910,True,91,61
Cerebrovascular_accident,regular,10,5,15,0.001961,0.004958,True,91,61
Symptoms,regular,14,6,20,0.001843,0.007734,True,91,61
Degenerative_abnormality,regular,6,5,11,0.001573,0.004299,True,91,61
Syndrome,regular,15,4,19,0.001443,0.006560,True,91,61
Neoplasm,regular,12,6,18,0.001284,0.003243,True,109,2
Parkinson_Disease,regular,13,2,15,0.000989,0.006543,True,91,61
Diabetes,regular,14,13,27,0.000929,0.002992,True,91,61
Kidney_Failure_Chronic,regular,7,2,9,0.000909,0.003022,True,91,61
Hypertrophic_Cardiomyopathy,regular,2,2,4,0.000882,0.001365,False,69,1
Adverse_effects,regular,18,2,20,0.000809,0.006008,True,91,61
Hypoxia,regular,3,6,9,0.000746,0.001562,True,91,61
Hypertension_Pulmonary,regular,4,1,5,0.000724,0.002155,False,66,1
Hyperinsulinism,regular,1,2,3,0.000719,0.000934,True,91,61
Infection,regular,4,9,13,0.000664,0.001773,True,91,61
Hypercalcemia,regular,5,1,6,0.000617,0.002342,False,107,1
Myocardial_Infarction,regular,11,2,13,0.000583,0.004056,True,91,61
COVID_19,regular,5,14,19,0.000549,0.001545,False,192,1
Inflammatory_Response,regular,12,3,15,0.000444,0.001906,True,91,61
Cushing_Syndrome,regular,2,1,3,0.000386,0.001209,False,193,1
Kidney_Diseases,regular,4,5,9,0.000379,0.001934,True,91,61
Hypertrophy,regular,6,1,7,0.000375,0.002823,True,91,61
Thrombosis,regular,2,5,7,0.000257,0.001018,False,516,1
Atherosclerosis,regular,6,6,12,0.000212,0.004086,True,91,61
Cardiovascular_Diseases,regular,7,3,10,0.000206,0.005790,True,91,61
Down_Syndrome,regular,1,1,2,0.000193,0.000828,False,226,1
Hyperuricemia,regular,1,1,2,0.000193,0.000828,False,291,1
Traumatic_Brain_Injury,regular,1,2,3,0.000193,0.000828,False,523,1
Vasospasm,regular,1,2,3,0.000193,0.000828,False,530,1
Chronic_Kidney_Diseases,regular,2,1,3,0.000192,0.001739,True,91,61
Fetal_Growth_Retardation,regular,2,1,3,0.000192,0.001739,True,91,61
Impaired_cognition,regular,3,1,4,0.000192,0.000744,False,297,1
Hyperglycemia,regular,9,6,15,0.000132,0.001589,True,91,61
Endothelial_dysfunction,regular,6,3,9,0.000046,0.003893,True,91,61
Diabetes_Mellitus,regular,3,5,8,0.000045,0.001527,True,91,61
Diabetic_Nephropathy,regular,3,4,7,0.000043,0.001448,True,91,61
Nerve_Degeneration,regular,4,1,5,0.000030,0.001032,False,252,1
Lesion,regular,3,4,7,0.000015,0.000498,False,249,1
Asthma,regular,1,4,5,0.000011,0.001802,True,91,61
Diabetes_Mellitus_Non_Insulin_Dependent,regular,8,3,11,0.000009,0.002989,True,91,61
Cardiomyopathies,regular,6,2,8,0.000006,0.001999,True,91,61
Septicemia,regular,2,6,8,0.000005,0.000501,False,319,1
Malignant_Neoplasms,regular,4,3,7,0.000005,0.001037,True,109,2
Pneumonia,regular,3,3,6,0.000004,0.000571,False,188,1
Neurodegenerative_Disorders,regular,4,2,6,0.000004,0.003163,True,91,61
Cardiac_Hypertrophy,regular,6,1,7,0.000003,0.002035,True,91,61
cardiac_arrhythmia,regular,6,1,7,0.000003,0.002347,False,18,1
Conn_Syndrome,regular,1,3,4,0.000003,0.000638,False,97,1
Stress,regular,4,2,6,0.000002,0.000687,False,254,1
Ischemic_stroke,regular,3,2,5,0.000002,0.002059,False,29,1
Cerebral_hemisphere_hemorrhage,regular,2,1,3,0.000001,0.001739,False,47,1
Congestive_heart_failure,regular,2,2,4,0.000001,0.001551,False,51,1
Cardiomyopathy_Dilated,regular,1,2,3,0.000001,0.000454,False,356,1
Kidney_Failure,regular,4,2,6,0.000001,0.003254,True,91,61
Death_Sudden,regular,2,1,3,0.000001,0.002287,False,11,1
Death_Sudden_Cardiac,regular,1,1,2,0.000001,0.001028,False,68,1
Amyotrophic_Lateral_Sclerosis,regular,2,1,3,0.000001,0.000549,False,272,1
Arteriosclerosis,regular,2,2,4,0.000001,0.001387,True,91,61
Myocardial_Ischemia,regular,2,2,4,0.000000,0.001481,True,91,61
Arthritis,regular,1,1,2,0.000000,0.000495,False,304,1
Polycystic_Kidney_Autosomal_Dominant,regular,1,1,2,0.000000,0.000454,False,385,1
Influenza,regular,1,2,3,0.000000,0.000467,False,538,1
Congenital_Abnormality,regular,3,3,6,0.000000,0.000507,False,179,1
Rheumatoid_Arthritis,regular,1,1,2,0.000000,0.000490,False,198,1
Virus_Diseases,regular,1,4,5,0.000000,0.000467,False,541,1
Shock,regular,2,1,3,0.000000,0.000471,False,336,1
Liver_diseases,regular,2,1,3,0.000000,0.001720,False,24,1
Adverse_event,regular,1,1,2,0.000000,0.000459,False,424,1
Respiratory_Distress_Syndrome_Adult,regular,2,1,3,0.000000,0.000552,False,189,1
Septic_Shock,regular,1,1,2,0.000000,0.000458,False,335,1
Seizures,regular,1,1,2,0.000000,0.000459,False,430,1
Epilepsy,regular,1,1,2,0.000000,0.000454,False,361,1
Acquired_Immunodeficiency_Syndrome,regular,1,1,2,0.000000,0.000467,False,531,1
Communicable_Diseases,regular,1,1,2,0.000000,0.000467,False,533,1
Respiration_Disorders,regular,1,1,2,0.000000,0.000467,False,539,1
Respiratory_Tract_Infections,regular,1,1,2,0.000000,0.000467,False,540,1
Necrosis,regular,2,1,3,0.000000,0.000791,False,21,1
20_hydroxy_5_8_11_14_eicosatetraenoic_acid,regular,0,1,1,0.000000,0.000448,False,92,1
Abnormal_renal_function,regular,1,1,2,0.000000,0.001358,True,91,61
Acetate,regular,0,1,1,0.000000,0.000448,False,93,1
Acetylcholinesterase,regular,0,1,1,0.000000,0.000448,False,94,1
adenoma,regular,0,2,2,0.000000,0.000448,False,98,1
Administration_Oral,regular,0,1,1,0.000000,0.000448,False,99,1
Adrenal_Cortex_Hormones,regular,0,3,3,0.000000,0.000448,False,101,1
Adrenal_Gland_Neoplasms,regular,0,1,1,0.000000,0.000448,False,102,1
Adrenergic_Receptor,regular,0,1,1,0.000000,0.000448,False,103,1
Agent,regular,0,11,11,0.000000,0.000448,False,112,1
agonists,regular,0,5,5,0.000000,0.000448,False,116,1
alanosine,regular,0,1,1,0.000000,0.000448,False,117,1
Aldosterone,regular,0,1,1,0.000000,0.000448,False,118,1
aluminum,regular,0,1,1,0.000000,0.000448,False,119,1
Aluminum,regular,0,1,1,0.000000,0.000448,False,120,1
aluminum_chloride,regular,0,1,1,0.000000,0.000448,False,121,1
Aging,regular,2,0,2,0.000000,0.002746,False,1,1
Amyloid_deposition,regular,1,1,2,0.000000,0.002366,True,91,61
Atrophic,regular,2,1,3,0.000000,0.002379,True,91,61
Cerebral_atrophy,regular,1,1,2,0.000000,0.002366,True,91,61
Cessation_of_life,regular,102,0,102,0.000000,0.063475,False,2,1
Dementia_Vascular,regular,2,0,2,0.000000,0.003276,False,33,1
Diagnosis,regular,5,0,5,0.000000,0.006011,False,12,1
Disability_NOS,regular,16,0,16,0.000000,0.009787,False,6,1
Evaluation,regular,1,0,1,0.000000,0.002366,False,34,1
Evaluation_procedure,regular,1,0,1,0.000000,0.002366,False,35,1
Lewy_Body_Disease,regular,1,0,1,0.000000,0.002366,False,36,1
Memory_Loss,regular,1,0,1,0.000000,0.002366,False,37,1
Neurofibrillary_Tangles,regular,1,0,1,0.000000,0.002366,False,38,1
Senile_dementia,regular,1,0,1,0.000000,0.002366,False,39,1
Senile_Plaques,regular,1,0,1,0.000000,0.002366,False,40,1
Amyloid,regular,0,3,3,0.000000,0.000448,False,122,1
Amyloid_beta,regular,0,1,1,0.000000,0.000448,False,123,1
Amyloid_beta_Peptides,regular,0,1,1,0.000000,0.000448,False,124,1
Amyloid_beta_Protein,regular,0,1,1,0.000000,0.000448,False,125,1
Amyloid_beta_Protein_Precursor,regular,0,1,1,0.000000,0.000448,False,126,1
Amyloid_Fibrils,regular,0,1,1,0.000000,0.000448,False,127,1
Amyloidosis,regular,0,2,2,0.000000,0.000448,False,128,1
Androgens,regular,0,1,1,0.000000,0.000448,False,129,1
Angiogenesis_Inhibitors,regular,0,1,1,0.000000,0.000448,False,130,1
angiotensin_II,regular,0,2,2,0.000000,0.000448,False,131,1
Angiotensin_II,regular,0,9,9,0.000000,0.000448,False,135,1
Angiotensin_II_ANG,regular,0,1,1,0.000000,0.000448,False,136,1
Angiotensins,regular,0,1,1,0.000000,0.000448,False,137,1
Antihypertensive_Agents,regular,0,1,1,0.000000,0.000448,False,138,1
Antioxidants,regular,0,4,4,0.000000,0.000448,False,139,1
aorta_constriction,regular,0,1,1,0.000000,0.000448,False,140,1
Aortic_coarctation,regular,0,1,1,0.000000,0.000448,False,141,1
Apolipoprotein_E4,regular,0,1,1,0.000000,0.000448,False,142,1
apolipoprotein_E_4_APOE,regular,0,1,1,0.000000,0.000448,False,143,1
Apolipoprotein_E4_APOE,regular,0,1,1,0.000000,0.000448,False,144,1
Apolipoprotein_E_APOE,regular,0,1,1,0.000000,0.000448,False,145,1
APP_gene,regular,0,6,6,0.000000,0.000448,False,148,1
APP_protein_human,regular,0,1,1,0.000000,0.000448,False,149,1
Arginine,regular,0,2,2,0.000000,0.000448,False,151,1
arginine_methyl_ester,regular,0,1,1,0.000000,0.000448,False,152,1
Argipressin,regular,0,1,1,0.000000,0.000448,False,153,1
Argipressin_AVP,regular,0,1,1,0.000000,0.000448,False,154,1
Atherosclerotic_renal_artery_stenosis,regular,0,1,1,0.000000,0.000448,False,155,1
ATM_gene_ATM,regular,0,1,1,0.000000,0.000448,False,156,1
Autonomic_Dysreflexia,regular,0,1,1,0.000000,0.000448,False,157,1
Banding_procedure,regular,0,2,2,0.000000,0.000448,False,158,1
beta_site_APP_cleaving_enzyme_1_BACE1,regular,0,1,1,0.000000,0.000448,False,159,1
bevacizumab,regular,0,1,1,0.000000,0.000448,False,160,1
Bilateral_renal_artery_stenosis,regular,0,1,1,0.000000,0.000448,False,161,1
Blood_Pressure_Monitoring_Ambulatory,regular,0,1,1,0.000000,0.000448,False,162,1
Brain_Injuries,regular,0,1,1,0.000000,0.000448,False,163,1
Cadmium,regular,0,4,4,0.000000,0.000448,False,164,1
Calcineurin_inhibitor,regular,0,1,1,0.000000,0.000448,False,165,1
Calcium,regular,0,2,2,0.000000,0.000448,False,166,1
Candidate_Disease_Gene,regular,0,1,1,0.000000,0.000448,False,167,1
Catecholamines,regular,0,2,2,0.000000,0.000448,False,168,1
Cerebral_Amyloid_Angiopathy,regular,0,1,1,0.000000,0.000448,False,169,1
Cerebrospinal_Fluid,regular,0,1,1,0.000000,0.000448,False,170,1
Cholesterol,regular,0,2,2,0.000000,0.000448,False,171,1
Chronic_inflammation,regular,1,3,4,0.000000,0.000586,True,91,61
Chymosin_REN,regular,0,1,1,0.000000,0.000448,False,172,1
Clip,regular,0,1,1,0.000000,0.000448,False,173,1
Clipping,regular,0,1,1,0.000000,0.000448,False,174,1
Closure_by_clamp,regular,0,2,2,0.000000,0.000448,False,175,1
Cocaine,regular,0,2,2,0.000000,0.000448,False,177,1
Compression_procedure,regular,0,1,1,0.000000,0.000448,False,178,1
Constriction_procedure,regular,0,3,3,0.000000,0.000448,False,180,1
Contraceptives_Oral,regular,0,1,1,0.000000,0.000448,False,181,1
Copper,regular,0,1,1,0.000000,0.000448,False,182,1
Corticosterone,regular,0,1,1,0.000000,0.000448,False,183,1
Corticotropin,regular,0,1,1,0.000000,0.000448,False,184,1
Corticotropin_POMC,regular,0,1,1,0.000000,0.000448,False,185,1
Cyclosporine,regular,0,3,3,0.000000,0.000448,False,196,1
cytokine,regular,0,9,9,0.000000,0.000448,False,199,1
Dementia,regular,0,1,1,0.000000,0.000448,False,200,1
Denervation,regular,0,1,1,0.000000,0.000448,False,201,1
Deoxycorticosterone,regular,0,1,1,0.000000,0.000448,False,202,1
desoxycorticosterone_acetate,regular,0,1,1,0.000000,0.000448,False,203,1
Desoxycorticosterone_acetate,regular,0,1,1,0.000000,0.000448,False,204,1
Deterioration,regular,0,1,1,0.000000,0.000448,False,205,1
Dexamethasone,regular,0,3,3,0.000000,0.000448,False,206,1
Diet,regular,0,27,27,0.000000,0.000448,False,218,1
Diet_High_Fat,regular,0,13,13,0.000000,0.000448,False,220,1
Diet_Protein_Restricted,regular,0,1,1,0.000000,0.000448,False,221,1
DNA_Mitochondrial,regular,0,3,3,0.000000,0.000448,False,222,1
DOCA,regular,0,1,1,0.000000,0.000448,False,223,1
Dopamine,regular,0,1,1,0.000000,0.000448,False,224,1
Dopamine_Receptor,regular,0,1,1,0.000000,0.000448,False,225,1
Drinking_Water,regular,0,1,1,0.000000,0.000448,False,227,1
Embolism,regular,0,2,2,0.000000,0.000448,False,228,1
Emotional_Stress,regular,0,1,1,0.000000,0.000448,False,229,1
Endocrine_System_Diseases,regular,0,1,1,0.000000,0.000448,False,230,1
Endopeptidases,regular,0,2,2,0.000000,0.000448,False,232,1
Endothelin,regular,0,2,2,0.000000,0.000448,False,233,1
Endothelin_1,regular,0,2,2,0.000000,0.000448,False,234,1
Enzymes,regular,0,4,4,0.000000,0.000448,False,236,1
Epinephrine,regular,0,5,5,0.000000,0.000448,False,237,1
ERCC8_CSH1_HSPA9,regular,0,1,1,0.000000,0.000448,False,238,1
Erythropoietin,regular,0,1,1,0.000000,0.000448,False,239,1
Erythropoietin_EPO,regular,0,1,1,0.000000,0.000448,False,240,1
Essential_Hypertension,regular,1,1,2,0.000000,0.001358,True,91,61
Estrogens,regular,0,3,3,0.000000,0.000448,False,242,1
Ethanol,regular,0,28,28,0.000000,0.000448,False,256,1
Excision,regular,0,2,2,0.000000,0.000448,False,257,1
Fibromuscular_Dysplasia,regular,0,1,1,0.000000,0.000448,False,258,1
Fluid_overload,regular,0,1,1,0.000000,0.000448,False,259,1
FRAGMENTS,regular,0,1,1,0.000000,0.000448,False,260,1
Free_Radicals,regular,0,6,6,0.000000,0.000448,False,262,1
fructose,regular,0,1,1,0.000000,0.000448,False,263,1
Fructose,regular,0,2,2,0.000000,0.000448,False,264,1
galactose,regular,0,1,1,0.000000,0.000448,False,265,1
Galactose,regular,0,1,1,0.000000,0.000448,False,266,1
gamma_secretase,regular,0,1,1,0.000000,0.000448,False,267,1
Gene_Mutation,regular,0,2,2,0.000000,0.000448,False,268,1
Genes,regular,0,11,11,0.000000,0.000448,False,271,1
gene_therapy,regular,0,4,4,0.000000,0.000448,False,274,1
Glucocorticoid_remediable_aldosteronism,regular,0,1,1,0.000000,0.000448,False,275,1
Glucocorticoids,regular,0,7,7,0.000000,0.000448,False,279,1
Glycogen_Synthase_Kinase_3,regular,0,1,1,0.000000,0.000448,False,280,1
Glycosylation_End_Products_Advanced,regular,0,2,2,0.000000,0.000448,False,281,1
Glycyrrhizic_Acid,regular,0,1,1,0.000000,0.000448,False,282,1
Herpesvirus_1_Human,regular,0,1,1,0.000000,0.000448,False,283,1
homocysteine,regular,0,2,2,0.000000,0.000448,False,284,1
Hormones,regular,0,1,1,0.000000,0.000448,False,285,1
hydrochloride,regular,0,1,1,0.000000,0.000448,False,286,1
Hydrocortisone,regular,0,1,1,0.000000,0.000448,False,287,1
Hydronephrosis,regular,1,1,2,0.000000,0.000571,True,91,61
Hyperaldosteronism,regular,0,1,1,0.000000,0.000448,False,288,1
Hypernatremia,regular,0,1,1,0.000000,0.000448,False,289,1
Hyperplasia,regular,1,1,2,0.000000,0.000876,False,104,1
Hypertension_Renovascular,regular,0,1,1,0.000000,0.000448,False,290,1
Abdominal_compartment_syndrome,regular,1,0,1,0.000000,0.001358,False,0,1
Atrial_Fibrillation,regular,1,2,3,0.000000,0.001358,True,91,61
Blood_Pressure,regular,1,0,1,0.000000,0.001358,False,41,1
Brain_Edema,regular,1,0,1,0.000000,0.001358,False,42,1
Brain_hemorrhage,regular,1,0,1,0.000000,0.001358,False,43,1
Cardiac_complication,regular,1,1,2,0.000000,0.001358,False,44,1
Cardiovascular_morbidity,regular,1,0,1,0.000000,0.001358,False,45,1
Cerebral_Edema,regular,1,0,1,0.000000,0.001358,False,46,1
Cerebral_Hemorrhage,regular,1,0,1,0.000000,0.001358,False,48,1
Cerebrovascular_Disorders,regular,1,1,2,0.000000,0.001358,False,49,1
Chronic_heart_failure,regular,1,0,1,0.000000,0.001358,False,50,1
Coronary_Arteriosclerosis,regular,1,3,4,0.000000,0.001358,True,91,61
Coronary_heart_disease,regular,1,1,2,0.000000,0.001358,False,52,1
Diastolic_dysfunction,regular,1,0,1,0.000000,0.001358,False,55,1
Dissection_of_aorta,regular,1,0,1,0.000000,0.001358,False,56,1
Edema,regular,10,0,10,0.000000,0.003340,False,57,1
Encephalopathies,regular,1,0,1,0.000000,0.001358,False,58,1
end_organ_damage,regular,1,0,1,0.000000,0.001358,False,59,1
END_ORGAN_DAMAGE,regular,1,0,1,0.000000,0.001358,False,60,1
End_stage_renal_failure,regular,7,0,7,0.000000,0.003217,False,53,1
Erectile_dysfunction,regular,1,0,1,0.000000,0.001358,False,61,1
Extravasation,regular,3,0,3,0.000000,0.001675,False,62,1
Glomerulosclerosis,regular,1,0,1,0.000000,0.001358,False,63,1
Growth,regular,3,0,3,0.000000,0.002652,False,15,1
Headache,regular,1,0,1,0.000000,0.001358,False,64,1
Heart_Diseases,regular,1,3,4,0.000000,0.001358,True,91,61
Hospital_admission,regular,2,0,2,0.000000,0.003540,False,16,1
Hospitalization,regular,14,0,14,0.000000,0.010153,False,14,1
Hypertensive_heart_disease_NOS,regular,1,0,1,0.000000,0.001358,False,67,1
Hypertrophy_Left_Ventricular,regular,1,0,1,0.000000,0.001358,False,70,1
Infarction,regular,2,0,2,0.000000,0.001688,False,19,1
Intracranial_Hemorrhages,regular,1,0,1,0.000000,0.001358,False,73,1
Kidney_Failure_Acute,regular,11,0,11,0.000000,0.003577,False,20,1
Labor_Childbirth,regular,3,0,3,0.000000,0.001929,False,74,1
Lack_of_sensation,regular,11,0,11,0.000000,0.004604,False,75,1
Left_Ventricular_Hypertrophy,regular,1,0,1,0.000000,0.001358,False,76,1
Myocardial_dysfunction,regular,2,0,2,0.000000,0.001429,False,77,1
Myocardial_fibrosis,regular,1,0,1,0.000000,0.001358,False,78,1
Nephrosclerosis,regular,1,0,1,0.000000,0.001358,False,79,1
Pathogenesis,regular,1,3,4,0.000000,0.001358,True,91,61
Pathological_Dilatation,regular,3,0,3,0.000000,0.001929,False,82,1
Posterior_reversible_encephalopathy_syndrome,regular,1,0,1,0.000000,0.001358,False,83,1
Pre_Eclampsia,regular,1,1,2,0.000000,0.001358,True,91,61
Pregnancy,regular,1,0,1,0.000000,0.001358,False,84,1
Premature_Birth,regular,1,1,2,0.000000,0.001358,False,85,1
Proteinuria,regular,1,0,1,0.000000,0.001358,False,86,1
Pulmonary_Edema,regular,1,0,1,0.000000,0.001358,False,87,1
Purpura_Thrombotic_Thrombocytopenic,regular,1,0,1,0.000000,0.001358,False,88,1
Renal_Insufficiency,regular,1,1,2,0.000000,0.001358,True,91,61
Spastic_syndrome,regular,1,1,2,0.000000,0.001358,True,91,61
Stiffness,regular,1,1,2,0.000000,0.001358,True,91,61
Vascular_Diseases,regular,1,3,4,0.000000,0.001358,True,91,61
Ventricular_Dysfunction_Left,regular,1,0,1,0.000000,0.001358,False,89,1
Ventricular_hypertrophy,regular,1,0,1,0.000000,0.001358,False,90,1
Hypoplasia,regular,0,1,1,0.000000,0.000448,False,292,1
imbalance,regular,0,5,5,0.000000,0.000448,False,293,1
Immobilization,regular,0,2,2,0.000000,0.000448,False,294,1
Immunosuppressive_Agents,regular,0,1,1,0.000000,0.000448,False,295,1
IMPACT_gene,regular,0,3,3,0.000000,0.000448,False,296,1
Inflammasomes,regular,0,2,2,0.000000,0.000448,False,299,1
Infusion_procedures,regular,0,1,1,0.000000,0.000448,False,300,1
inhibitors,regular,0,4,4,0.000000,0.000448,False,302,1
Injection,regular,0,1,1,0.000000,0.000448,False,303,1
Injection_procedure,regular,0,8,8,0.000000,0.000448,False,305,1
Insulin,regular,0,5,5,0.000000,0.000448,False,306,1
Intestinal_Microbiome,regular,0,3,3,0.000000,0.000448,False,307,1
Intubation_Intratracheal,regular,0,1,1,0.000000,0.000448,False,308,1
Ions,regular,0,3,3,0.000000,0.000448,False,310,1
Iron,regular,0,3,3,0.000000,0.000448,False,311,1
Juxtaglomerular_tumor,regular,0,1,1,0.000000,0.000448,False,312,1
Kidney_Transplantation,regular,0,1,1,0.000000,0.000448,False,313,1
Leptin,regular,0,1,1,0.000000,0.000448,False,314,1
Leptin_LEP,regular,0,2,2,0.000000,0.000448,False,315,1
Licorice,regular,0,1,1,0.000000,0.000448,False,316,1
Ligation,regular,0,9,9,0.000000,0.000448,False,320,1
Lipids,regular,0,2,2,0.000000,0.000448,False,321,1
Lipopolysaccharides,regular,0,36,36,0.000000,0.000448,False,338,1
Liquid_substance,regular,0,1,1,0.000000,0.000448,False,339,1
Magnesium,regular,0,1,1,0.000000,0.000448,False,340,1
Malnutrition,regular,0,3,3,0.000000,0.000448,False,341,1
MAPT,regular,0,2,2,0.000000,0.000448,False,342,1
MAPT_protein_human_MAPT,regular,0,1,1,0.000000,0.000448,False,343,1
Memory_impairment,regular,3,1,4,0.000000,0.000744,False,331,1
Mental_deterioration,regular,0,1,1,0.000000,0.000448,False,344,1
Metabolic_syndrome,regular,2,1,3,0.000000,0.000600,True,91,61
Metals,regular,0,3,3,0.000000,0.000448,False,345,1
MicroRNAs,regular,0,5,5,0.000000,0.000448,False,347,1
Mineralocorticoid_Receptor,regular,0,1,1,0.000000,0.000448,False,348,1
Mineralocorticoids,regular,0,1,1,0.000000,0.000448,False,349,1
Molecule,regular,0,2,2,0.000000,0.000448,False,350,1
Mutation,regular,0,58,58,0.000000,0.000448,False,394,1
Na_K_Exchanging_ATPase,regular,0,1,1,0.000000,0.000448,False,395,1
Neoplasm_Metastasis,regular,1,1,2,0.000000,0.000907,False,108,1
Nephrectomy,regular,0,2,2,0.000000,0.000448,False,396,1
Neurofibrillary_degeneration_morphologic_abnormality,regular,0,1,1,0.000000,0.000448,False,397,1
neuronal,regular,0,1,1,0.000000,0.000448,False,398,1
neuron_loss,regular,0,1,1,0.000000,0.000448,False,399,1
Neurotoxins,regular,0,2,2,0.000000,0.000448,False,400,1
NG_Nitroarginine_Methyl_Ester,regular,0,1,1,0.000000,0.000448,False,401,1
Nicotine,regular,0,1,1,0.000000,0.000448,False,402,1
Nicotinic_Receptors,regular,0,1,1,0.000000,0.000448,False,403,1
Nitric_Oxide,regular,0,4,4,0.000000,0.000448,False,405,1
Nitric_Oxide_Synthase,regular,0,1,1,0.000000,0.000448,False,406,1
Nitroarginine,regular,0,1,1,0.000000,0.000448,False,407,1
Noise,regular,0,1,1,0.000000,0.000448,False,408,1
Norepinephrine,regular,0,3,3,0.000000,0.000448,False,410,1
NOS3_protein_human_NOS3,regular,0,1,1,0.000000,0.000448,False,411,1
Okadaic_Acid,regular,0,2,2,0.000000,0.000448,False,412,1
Operative_Surgical_Procedures,regular,0,5,5,0.000000,0.000448,False,413,1
Ouabain,regular,0,2,2,0.000000,0.000448,False,414,1
Overweight,regular,0,1,1,0.000000,0.000448,False,415,1
Oxidation,regular,0,1,1,0.000000,0.000448,False,416,1
Paraganglioma,regular,0,1,1,0.000000,0.000448,False,417,1
Pathologic_Processes,regular,0,1,1,0.000000,0.000448,False,418,1
Peptides,regular,0,3,3,0.000000,0.000448,False,420,1
Peptidyl_Dipeptidase_A,regular,0,1,1,0.000000,0.000448,False,421,1
Perinephritis,regular,0,1,1,0.000000,0.000448,False,422,1
Pharmaceutical_Preparations,regular,0,33,33,0.000000,0.000448,False,434,1
Pharmacotherapy,regular,0,15,15,0.000000,0.000448,False,446,1
Phenylephrine,regular,0,3,3,0.000000,0.000448,False,447,1
Pheochromocytoma,regular,0,1,1,0.000000,0.000448,False,448,1
Plasma,regular,0,1,1,0.000000,0.000448,False,449,1
Players,regular,0,1,1,0.000000,0.000448,False,450,1
Polymorphism_Genetic,regular,0,2,2,0.000000,0.000448,False,451,1
Potassium,regular,0,3,3,0.000000,0.000448,False,452,1
presenilin,regular,0,1,1,0.000000,0.000448,False,453,1
presenilin_1,regular,0,1,1,0.000000,0.000448,False,454,1
presenilin_1_PSEN1,regular,0,1,1,0.000000,0.000448,False,455,1
Pressors,regular,0,1,1,0.000000,0.000448,False,456,1
Prions,regular,0,3,3,0.000000,0.000448,False,458,1
Process,regular,0,6,6,0.000000,0.000448,False,459,1
Prostaglandins,regular,0,1,1,0.000000,0.000448,False,460,1
Proteins,regular,0,9,9,0.000000,0.000448,False,462,1
PS2_protein_alzheimer_associated_PSEN2,regular,0,1,1,0.000000,0.000448,False,463,1
PSEN1,regular,0,1,1,0.000000,0.000448,False,464,1
Rare_Diseases,regular,1,1,2,0.000000,0.000454,False,387,1
Reactive_Oxygen_Species,regular,0,15,15,0.000000,0.000448,False,467,1
receptor,regular,0,3,3,0.000000,0.000448,False,468,1
Recombinant_Erythropoietin,regular,0,1,1,0.000000,0.000448,False,469,1
Renal_artery_occlusion,regular,0,1,1,0.000000,0.000448,False,470,1
Renal_Artery_Stenosis,regular,0,1,1,0.000000,0.000448,False,471,1
Renal_infarction,regular,0,1,1,0.000000,0.000448,False,472,1
Renal_ischaemia,regular,0,1,1,0.000000,0.000448,False,473,1
Renal_vascular_disorders_NOS,regular,0,1,1,0.000000,0.000448,False,474,1
Renin,regular,0,1,1,0.000000,0.000448,False,475,1
Renin_REN,regular,0,1,1,0.000000,0.000448,False,476,1
Saline,regular,0,1,1,0.000000,0.000448,False,477,1
Salts,regular,0,1,1,0.000000,0.000448,False,478,1
scopolamine,regular,0,2,2,0.000000,0.000448,False,479,1
Scopolamine,regular,0,4,4,0.000000,0.000448,False,481,1
Sensory_denervation_disorder,regular,0,1,1,0.000000,0.000448,False,482,1
Serotonin,regular,0,4,4,0.000000,0.000448,False,483,1
Single_Nucleotide_Polymorphism,regular,0,2,2,0.000000,0.000448,False,485,1
Sleep_Apnea_Obstructive,regular,0,2,2,0.000000,0.000448,False,486,1
Sleep_Apnea_Syndromes,regular,0,1,1,0.000000,0.000448,False,487,1
Sodium,regular,0,1,1,0.000000,0.000448,False,488,1
Sodium_Chloride,regular,0,2,2,0.000000,0.000448,False,489,1
Sodium_Chloride_Dietary,regular,0,1,1,0.000000,0.000448,False,490,1
sorafenib,regular,0,2,2,0.000000,0.000448,False,491,1
Stenosis,regular,0,1,1,0.000000,0.000448,False,492,1
Stenosis_unspecified,regular,0,2,2,0.000000,0.000448,False,493,1
Steroids,regular,0,5,5,0.000000,0.000448,False,495,1
Stimulus,regular,0,1,1,0.000000,0.000448,False,496,1
streptozocin,regular,0,8,8,0.000000,0.000448,False,499,1
Streptozocin,regular,0,9,9,0.000000,0.000448,False,501,1
Study_models,regular,0,7,7,0.000000,0.000448,False,503,1
Substance,regular,0,3,3,0.000000,0.000448,False,504,1
SUCLA2_gene_SUCLA2,regular,0,1,1,0.000000,0.000448,False,505,1
Sugars,regular,0,1,1,0.000000,0.000448,False,506,1
Superoxides,regular,0,1,1,0.000000,0.000448,False,507,1
Tacrolimus,regular,0,1,1,0.000000,0.000448,False,508,1
Takayasu_s_Arteritis,regular,0,1,1,0.000000,0.000448,False,509,1
tau_Proteins,regular,0,1,1,0.000000,0.000448,False,510,1
tau_Proteins_MAPT,regular,0,1,1,0.000000,0.000448,False,511,1
Testosterone,regular,0,1,1,0.000000,0.000448,False,512,1
Therapeutic_procedure,regular,0,29,29,0.000000,0.000448,False,515,1
TNF_protein_human_TNF,regular,0,14,14,0.000000,0.000448,False,520,1
Tourniquets,regular,0,2,2,0.000000,0.000448,False,521,1
Transplantation,regular,0,1,1,0.000000,0.000448,False,522,1
Unilateral_nephrectomy,regular,0,1,1,0.000000,0.000448,False,524,1
Unilateral_renal_artery_stenosis,regular,0,1,1,0.000000,0.000448,False,525,1
Uric_Acid,regular,0,1,1,0.000000,0.000448,False,526,1
vascular_factor,regular,0,1,1,0.000000,0.000448,False,527,1
Vasoconstrictor_Agents,regular,0,1,1,0.000000,0.000448,False,528,1
Vasodilation_disorder,regular,0,1,1,0.000000,0.000448,False,529,1
Virus,regular,0,20,20,0.000000,0.000448,False,542,1
Vitamin_D_Deficiency,regular,0,2,2,0.000000,0.000448,False,544,1
Water,regular,0,1,1,0.000000,0.000448,False,545,1
Wounds_and_Injuries,regular,0,9,9,0.000000,0.000448,False,548,1
Zinc,regular,0,1,1,0.000000,0.000448,False,549,1
1_4_dioxin,regular,0,1,1,0.000000,0.000448,False,550,1
1_Methyl_4_phenyl_1_2_3_6_tetrahydropyridine,regular,0,2,2,0.000000,0.000448,False,551,1
2019_novel_coronavirus,regular,0,3,3,0.000000,0.000448,False,552,1
9_10_Dimethyl_1_2_benzanthracene,regular,0,1,1,0.000000,0.000448,False,553,1
Acetaminophen,regular,0,2,2,0.000000,0.000448,False,554,1
Acetylcholine,regular,0,2,2,0.000000,0.000448,False,555,1
Acids,regular,0,1,1,0.000000,0.000448,False,556,1
Aconitine,regular,0,1,1,0.000000,0.000448,False,557,1
Acute_myocardial_infarction,regular,1,1,2,0.000000,0.000571,False,25,1
adenine,regular,0,1,1,0.000000,0.000448,False,558,1
Adenine,regular,0,1,1,0.000000,0.000448,False,559,1
Adrenal_adenoma,regular,0,1,1,0.000000,0.000448,False,560,1
Osteoporosis,regular,4,0,4,0.000000,0.000781,False,100,1
Adrenal_Cortical_Adenoma,regular,0,1,1,0.000000,0.000448,False,561,1
Adriamycin,regular,0,2,2,0.000000,0.000448,False,562,1
Advance,regular,0,1,1,0.000000,0.000448,False,563,1
Occupational_asthma,regular,1,0,1,0.000000,0.000482,False,110,1
Apoptosis,regular,20,0,20,0.000000,0.002302,False,113,1
Down_Regulation,regular,2,0,2,0.000000,0.000551,False,114,1
Platelet_aggregation,regular,2,0,2,0.000000,0.000600,False,115,1
Allergens,regular,0,2,2,0.000000,0.000448,False,564,1
Alloxan,regular,0,3,3,0.000000,0.000448,False,565,1
alpha_Synuclein,regular,0,2,2,0.000000,0.000448,False,566,1
Anaphylaxis,regular,0,1,1,0.000000,0.000448,False,567,1
Aneurysm_Dissecting,regular,0,1,1,0.000000,0.000448,False,568,1
Hypertensive,regular,1,0,1,0.000000,0.000490,False,132,1
Water_consumption,regular,1,0,1,0.000000,0.000490,False,134,1
Antibodies,regular,0,1,1,0.000000,0.000448,False,569,1
Antigens,regular,0,3,3,0.000000,0.000448,False,570,1
Anti_Inflammatory_Agents_Non_Steroidal,regular,0,2,2,0.000000,0.000448,False,571,1
Antipsychotic_Agents,regular,0,1,1,0.000000,0.000448,False,572,1
Cell_Death,regular,6,0,6,0.000000,0.000648,False,146,1
cytotoxicity,regular,5,0,5,0.000000,0.000586,False,147,1
Arboviruses,regular,0,1,1,0.000000,0.000448,False,573,1
Pancreatitis,regular,4,0,4,0.000000,0.000711,False,150,1
Arsenic,regular,0,1,1,0.000000,0.000448,False,574,1
Asbestos,regular,0,1,1,0.000000,0.000448,False,575,1
Asphyxia,regular,0,1,1,0.000000,0.000448,False,576,1
Aspiration_Pneumonia,regular,0,1,1,0.000000,0.000448,False,577,1
Aspirin,regular,0,1,1,0.000000,0.000448,False,578,1
ATPase_Aminophospholipid_Transporter_Like_Class_I_Type_8A_Member_2_ATP8A2,regular,0,1,1,0.000000,0.000448,False,579,1
Autoantibodies,regular,0,1,1,0.000000,0.000448,False,580,1
Autoimmune_Diseases,regular,0,1,1,0.000000,0.000448,False,581,1
Bacteria,regular,0,4,4,0.000000,0.000448,False,582,1
Bacterial_Infections,regular,0,3,3,0.000000,0.000448,False,583,1
Begomovirus,regular,0,1,1,0.000000,0.000448,False,584,1
Blast,regular,0,1,1,0.000000,0.000448,False,585,1
bleomycin,regular,0,1,1,0.000000,0.000448,False,586,1
Bleomycin,regular,0,2,2,0.000000,0.000448,False,587,1
Bradykinin,regular,0,3,3,0.000000,0.000448,False,588,1
Bronchiolitis,regular,0,1,1,0.000000,0.000448,False,589,1
CA2,regular,0,1,1,0.000000,0.000448,False,590,1
cadmium,regular,0,1,1,0.000000,0.000448,False,591,1
Caffeine,regular,0,1,1,0.000000,0.000448,False,592,1
Capsaicin,regular,0,1,1,0.000000,0.000448,False,593,1
Carbachol,regular,0,1,1,0.000000,0.000448,False,594,1
Carbon_Tetrachloride,regular,0,2,2,0.000000,0.000448,False,595,1
Carbon_tetrachloride_homeopathic_preparation,regular,0,2,2,0.000000,0.000448,False,596,1
Carcinogens,regular,0,1,1,0.000000,0.000448,False,597,1
Cardiomyopathies_Primary,regular,0,1,1,0.000000,0.000448,False,598,1
Cardiopulmonary_Bypass,regular,0,2,2,0.000000,0.000448,False,599,1
Cardiovascular_arteriosclerosis_unspecified,regular,0,1,1,0.000000,0.000448,False,600,1
carrageenan,regular,0,2,2,0.000000,0.000448,False,601,1
Carrageenan,regular,0,2,2,0.000000,0.000448,False,602,1
CD69_protein_human_CD69,regular,0,1,1,0.000000,0.000448,False,603,1
Cerebral_Ischemia,regular,1,1,2,0.000000,0.000571,False,27,1
Hemiparesis,regular,1,0,1,0.000000,0.001291,False,7,1
Hemiplegia,regular,1,0,1,0.000000,0.001291,False,8,1
Cervical_Ripening,regular,0,1,1,0.000000,0.000448,False,604,1
Chemicals,regular,0,5,5,0.000000,0.000448,False,605,1
Chemokine_C_C_Motif_Ligand_4_CCL4,regular,0,4,4,0.000000,0.000448,False,606,1
Chlorpyrifos,regular,0,1,1,0.000000,0.000448,False,607,1
Chronic_Disease,regular,0,2,2,0.000000,0.000448,False,608,1
Chronic_infectious_disease,regular,0,1,1,0.000000,0.000448,False,609,1
Chronic_Obstructive_Airway_Disease,regular,0,2,2,0.000000,0.000448,False,610,1
Cigarette_smoke,regular,0,3,3,0.000000,0.000448,False,611,1
cisplatin,regular,0,2,2,0.000000,0.000448,False,612,1
Cisplatin,regular,0,4,4,0.000000,0.000448,False,613,1
Hyperactive_behavior,regular,1,0,1,0.000000,0.000638,False,176,1
COLLAGENASE,regular,0,1,1,0.000000,0.000448,False,614,1
Blind_Vision,regular,4,0,4,0.000000,0.004527,False,3,1
Concanavalin_A,regular,0,1,1,0.000000,0.000448,False,615,1
Secondary_hypertension,regular,1,0,1,0.000000,0.000628,False,95,1
Secondary_hypertension_NOS,regular,1,0,1,0.000000,0.000628,False,96,1
Contrast_Media,regular,0,2,2,0.000000,0.000448,False,616,1
Coronary_Artery_Vasospasm,regular,0,1,1,0.000000,0.000448,False,617,1
Coronary_Occlusion,regular,0,1,1,0.000000,0.000448,False,618,1
Coronavirus_Infections,regular,0,2,2,0.000000,0.000448,False,619,1
Cosmetic_procedure,regular,0,1,1,0.000000,0.000448,False,620,1
Challenge,regular,1,0,1,0.000000,0.000541,False,186,1
Cytokine_Storm,regular,1,0,1,0.000000,0.000541,False,187,1
Respiratory_Failure,regular,2,1,3,0.000000,0.001800,False,32,1
Severe_Acute_Respiratory_Syndrome,regular,1,0,1,0.000000,0.000541,False,190,1
Telemedicine,regular,1,0,1,0.000000,0.000541,False,191,1
CRYGC_CRYGEP,regular,0,1,1,0.000000,0.000448,False,621,1
Cyclophosphamide,regular,0,1,1,0.000000,0.000448,False,622,1
Gingival_Overgrowth,regular,1,0,1,0.000000,0.000575,False,194,1
NEPHROTOXICITY,regular,1,0,1,0.000000,0.000575,False,195,1
Immune_response,regular,2,0,2,0.000000,0.000532,False,197,1
Cytomegalovirus,regular,0,1,1,0.000000,0.000448,False,623,1
Degenerative_polyarthritis,regular,0,1,1,0.000000,0.000448,False,624,1
DELETION,regular,0,1,1,0.000000,0.000448,False,625,1
Dengue_Virus,regular,0,1,1,0.000000,0.000448,False,626,1
Detection,regular,0,1,1,0.000000,0.000448,False,627,1
Dextran,regular,0,1,1,0.000000,0.000448,False,628,1
Dextran_Sulfate,regular,0,1,1,0.000000,0.000448,False,629,1
Dextran_Sulfate_Sodium,regular,0,1,1,0.000000,0.000448,False,630,1
Diarrhea,regular,0,1,1,0.000000,0.000448,False,631,1
Diarrheal_disorder,regular,0,1,1,0.000000,0.000448,False,632,1
Dyslipidemias,regular,1,0,1,0.000000,0.000462,False,207,1
Fatty_degeneration,regular,2,0,2,0.000000,0.000475,False,208,1
Fatty_Liver,regular,4,0,4,0.000000,0.000643,False,80,1
Glucose_Intolerance,regular,1,0,1,0.000000,0.000462,False,209,1
hypercholesterolemia,regular,1,0,1,0.000000,0.000462,False,210,1
Hyperhomocysteinemia,regular,1,0,1,0.000000,0.000462,False,211,1
Hyperlipidemia,regular,2,0,2,0.000000,0.000491,False,212,1
Metabolic_Diseases,regular,4,0,4,0.000000,0.000636,False,81,1
Mouse_Model,regular,3,0,3,0.000000,0.000520,False,213,1
Non_alcoholic_fatty_liver,regular,1,0,1,0.000000,0.000462,False,214,1
Non_alcoholic_Fatty_Liver_Disease,regular,2,0,2,0.000000,0.000491,False,215,1
Nonalcoholic_Steatohepatitis,regular,2,0,2,0.000000,0.000491,False,216,1
Steatohepatitis_non_alcoholic,regular,1,0,1,0.000000,0.000462,False,217,1
Dysbiosis,regular,1,0,1,0.000000,0.000477,False,219,1
Dinoprost,regular,0,1,1,0.000000,0.000448,False,633,1
Dinoprostone,regular,0,1,1,0.000000,0.000448,False,634,1
Autoimmune,regular,1,0,1,0.000000,0.001707,False,4,1
Blindness,regular,1,0,1,0.000000,0.001707,False,5,1
Chronic_liver_disease_NOS,regular,1,0,1,0.000000,0.001707,False,9,1
Chronic_pain,regular,1,0,1,0.000000,0.001707,False,10,1
Infertility,regular,2,0,2,0.000000,0.001720,False,17,1
Pain,regular,3,0,3,0.000000,0.002178,False,31,1
Disease_Progression,regular,0,1,1,0.000000,0.000448,False,635,1
DNA,regular,0,1,1,0.000000,0.000448,False,636,1
doxorubicin,regular,0,2,2,0.000000,0.000448,False,637,1
Doxorubicin,regular,0,6,6,0.000000,0.000448,False,638,1
Embolization_Therapeutic,regular,0,1,1,0.000000,0.000448,False,639,1
Cytokinesis_of_the_fertilized_ovum,regular,2,0,2,0.000000,0.000733,False,231,1
Endotoxins,regular,0,4,4,0.000000,0.000448,False,640,1
Inactivation,regular,1,0,1,0.000000,0.000543,False,235,1
Escherichia_coli,regular,0,1,1,0.000000,0.000448,False,641,1
Malignant_neoplasm_of_breast,regular,1,0,1,0.000000,0.000575,False,241,1
cell_injury,regular,4,0,4,0.000000,0.000561,False,243,1
Death_finding,regular,1,0,1,0.000000,0.000461,False,244,1
Gastric_mucosal_lesion,regular,1,0,1,0.000000,0.000461,False,245,1
Gastric_ulcer,regular,1,0,1,0.000000,0.000461,False,246,1
Hepatotoxicity,regular,2,0,2,0.000000,0.000473,False,247,1
Injury_of_stomach,regular,1,0,1,0.000000,0.000461,False,248,1
Lesion_of_stomach,regular,1,0,1,0.000000,0.000461,False,250,1
Liver_damage,regular,3,0,3,0.000000,0.000483,False,251,1
Sedation,regular,2,0,2,0.000000,0.000473,False,253,1
Ulcer,regular,1,0,1,0.000000,0.000461,False,255,1
Etomidate,regular,0,1,1,0.000000,0.000448,False,642,1
Fatty_Acids,regular,0,1,1,0.000000,0.000448,False,643,1
Fatty_Acids_Nonesterified,regular,0,1,1,0.000000,0.000448,False,644,1
Fentanyl,regular,0,1,1,0.000000,0.000448,False,645,1
FGFR3_gene_FGFR3,regular,0,1,1,0.000000,0.000448,False,646,1
Hypertension_Portal,regular,2,0,2,0.000000,0.002494,False,13,1
Flavivirus,regular,0,1,1,0.000000,0.000448,False,647,1
Fluorouracil,regular,0,1,1,0.000000,0.000448,False,648,1
Food,regular,0,1,1,0.000000,0.000448,False,649,1
Foreign_Bodies,regular,0,1,1,0.000000,0.000448,False,650,1
Formalin,regular,0,1,1,0.000000,0.000448,False,651,1
Fracture,regular,0,1,1,0.000000,0.000448,False,652,1
DNA_Damage,regular,3,0,3,0.000000,0.000548,False,261,1
Freund_s_Adjuvant,regular,0,1,1,0.000000,0.000448,False,653,1
Fungi,regular,0,1,1,0.000000,0.000448,False,654,1
fungus,regular,0,1,1,0.000000,0.000448,False,655,1
Galactosamine,regular,0,1,1,0.000000,0.000448,False,656,1
Gastroesophageal_reflux_disease,regular,0,1,1,0.000000,0.000448,False,657,1
Deafness,regular,2,0,2,0.000000,0.000489,False,269,1
Hereditary_Diseases,regular,2,0,2,0.000000,0.000489,False,270,1
Pick_Disease_of_the_Brain,regular,1,0,1,0.000000,0.000543,False,273,1
Genus_Mycobacterium,regular,0,1,1,0.000000,0.000448,False,658,1
Germ_Line_Mutation,regular,0,2,2,0.000000,0.000448,False,659,1
Glomerulonephritis,regular,0,1,1,0.000000,0.000448,False,660,1
Bone_necrosis,regular,2,0,2,0.000000,0.000578,False,276,1
loss_bone,regular,2,0,2,0.000000,0.000515,False,277,1
Muscular_Atrophy,regular,2,0,2,0.000000,0.000692,False,278,1
Glucose,regular,0,5,5,0.000000,0.000448,False,661,1
glucose_high,regular,0,1,1,0.000000,0.000448,False,662,1
Glutamate,regular,0,4,4,0.000000,0.000448,False,663,1
Glycerol,regular,0,1,1,0.000000,0.000448,False,664,1
Gram_Negative_Bacteria,regular,0,1,1,0.000000,0.000448,False,665,1
Haemophilus_influenzae,regular,0,1,1,0.000000,0.000448,False,666,1
Halothane,regular,0,1,1,0.000000,0.000448,False,667,1
Hantavirus,regular,0,1,1,0.000000,0.000448,False,668,1
Heart_Arrest,regular,0,1,1,0.000000,0.000448,False,669,1
Helicobacter_pylori,regular,0,2,2,0.000000,0.000448,False,670,1
Hemolytic_Uremic_Syndrome,regular,0,1,1,0.000000,0.000448,False,671,1
Hemorrhage,regular,0,2,2,0.000000,0.000448,False,672,1
Hepatitis_B,regular,0,1,1,0.000000,0.000448,False,673,1
Hepatitis_B_Virus,regular,0,1,1,0.000000,0.000448,False,674,1
Hepatitis_C,regular,0,1,1,0.000000,0.000448,False,675,1
Hepatitis_C_virus,regular,0,1,1,0.000000,0.000448,False,676,1
Herpesviridae,regular,0,1,1,0.000000,0.000448,False,677,1
High_fat_diet_NOS,regular,0,2,2,0.000000,0.000448,False,678,1
Histamine,regular,0,2,2,0.000000,0.000448,False,679,1
HIV,regular,0,1,1,0.000000,0.000448,False,680,1
HIV_Infections,regular,0,1,1,0.000000,0.000448,False,681,1
Human_Papillomavirus,regular,0,1,1,0.000000,0.000448,False,682,1
hydrogen_peroxide,regular,0,1,1,0.000000,0.000448,False,683,1
Hydrogen_Peroxide,regular,0,3,3,0.000000,0.000448,False,684,1
hypoglycemia,regular,3,0,3,0.000000,0.000934,False,72,1
Hyperparathyroidism,regular,0,1,1,0.000000,0.000448,False,685,1
Hyperparathyroidism_Primary,regular,0,1,1,0.000000,0.000448,False,686,1
Hyperphagia,regular,0,1,1,0.000000,0.000448,False,687,1
Hypersensitivity,regular,1,1,2,0.000000,0.000459,False,428,1
Right_ventricular_failure,regular,1,0,1,0.000000,0.002280,False,65,1
Pulmonary_arterial_hypertension,regular,1,0,1,0.000000,0.000669,False,71,1
Imbalance,regular,0,1,1,0.000000,0.000448,False,688,1
Implantation_procedure,regular,0,1,1,0.000000,0.000448,False,689,1
Implants,regular,0,1,1,0.000000,0.000448,False,690,1
Infectious_agent,regular,0,1,1,0.000000,0.000448,False,691,1
Pyroptosis,regular,2,0,2,0.000000,0.000649,False,298,1
Immune_Tolerance,regular,1,0,1,0.000000,0.000543,False,301,1
Injections_Intraperitoneal,regular,0,1,1,0.000000,0.000448,False,692,1
Neuropathic_pain,regular,1,0,1,0.000000,0.000876,False,105,1
Insulin_INS,regular,0,1,1,0.000000,0.000448,False,693,1
Interleukin_1_beta,regular,0,2,2,0.000000,0.000448,False,694,1
interleukin_1_beta,regular,0,1,1,0.000000,0.000448,False,695,1
Interventional_procedure,regular,0,1,1,0.000000,0.000448,False,696,1
Ionizing_radiation,regular,0,1,1,0.000000,0.000448,False,697,1
Dissociation,regular,1,0,1,0.000000,0.000575,False,309,1
Ventricular_arrhythmia,regular,1,0,1,0.000000,0.000778,False,22,1
Ventricular_Fibrillation,regular,1,1,2,0.000000,0.000778,False,23,1
Isoflurane,regular,0,1,1,0.000000,0.000448,False,698,1
isoproterenol,regular,0,1,1,0.000000,0.000448,False,699,1
Isoproterenol,regular,0,3,3,0.000000,0.000448,False,700,1
Ketamine,regular,0,1,1,0.000000,0.000448,False,701,1
Anemia,regular,3,0,3,0.000000,0.001770,False,54,1
Left_ventricular_systolic_dysfunction,regular,0,1,1,0.000000,0.000448,False,702,1
Leukotriene_D4,regular,0,1,1,0.000000,0.000448,False,703,1
Levodopa,regular,0,1,1,0.000000,0.000448,False,704,1
Cholestasis,regular,1,0,1,0.000000,0.000490,False,317,1
Fibrosis_Liver,regular,1,0,1,0.000000,0.000490,False,318,1
Acute_inflammation,regular,1,0,1,0.000000,0.000458,False,322,1
Acute_Lung_Injury,regular,1,0,1,0.000000,0.000458,False,323,1
Bacterial_Vaginosis,regular,1,0,1,0.000000,0.000458,False,324,1
Depressive_disorder,regular,1,0,1,0.000000,0.000458,False,325,1
Endotoxemia,regular,1,0,1,0.000000,0.000458,False,326,1
Fever,regular,1,0,1,0.000000,0.000458,False,327,1
Human_cells,regular,2,0,2,0.000000,0.000485,False,328,1
Liver_Failure_Acute,regular,1,0,1,0.000000,0.000458,False,329,1
Lung_Injury,regular,1,0,1,0.000000,0.000458,False,330,1
microglial_cell_activation,regular,1,0,1,0.000000,0.000458,False,332,1
Neuroinflammation,regular,1,0,1,0.000000,0.000458,False,333,1
Peritonitis,regular,1,0,1,0.000000,0.000458,False,334,1
Shock_Endotoxic,regular,1,0,1,0.000000,0.000458,False,337,1
Little_s_Disease,regular,0,1,1,0.000000,0.000448,False,705,1
Liver_Failure,regular,0,1,1,0.000000,0.000448,False,706,1
LRRK2_gene_LRRK2,regular,0,1,1,0.000000,0.000448,False,707,1
Lung_diseases,regular,0,1,1,0.000000,0.000448,False,708,1
Lung_Diseases_Interstitial,regular,0,1,1,0.000000,0.000448,False,709,1
Malaria,regular,0,1,1,0.000000,0.000448,False,710,1
Massive_hemorrhage,regular,0,1,1,0.000000,0.000448,False,711,1
Metals_Heavy,regular,0,2,2,0.000000,0.000448,False,712,1
Methacholine,regular,0,1,1,0.000000,0.000448,False,713,1
Methamphetamine,regular,0,1,1,0.000000,0.000448,False,714,1
Methylcholanthrene,regular,0,1,1,0.000000,0.000448,False,715,1
microbial,regular,0,1,1,0.000000,0.000448,False,716,1
Microorganism,regular,0,1,1,0.000000,0.000448,False,717,1
Microplastics,regular,0,1,1,0.000000,0.000448,False,718,1
Silence,regular,1,0,1,0.000000,0.000524,False,346,1
Midazolam,regular,0,1,1,0.000000,0.000448,False,719,1
Middle_Cerebral_Artery_Occlusion,regular,0,2,2,0.000000,0.000448,False,720,1
Migraine_Disorders,regular,0,1,1,0.000000,0.000448,False,721,1
Mixture,regular,0,1,1,0.000000,0.000448,False,722,1
Monocrotaline,regular,0,2,2,0.000000,0.000448,False,724,1
Pulmonary_Hypertension,regular,1,0,1,0.000000,0.000638,False,723,1
Multiple_Organ_Failure,regular,0,1,1,0.000000,0.000448,False,725,1
Multiple_Sclerosis,regular,0,2,2,0.000000,0.000448,False,726,1
Musculoskeletal_Diseases,regular,0,1,1,0.000000,0.000448,False,727,1
Adrenoleukodystrophy,regular,1,0,1,0.000000,0.000454,False,351,1
Ataxia_Telangiectasia,regular,1,0,1,0.000000,0.000454,False,352,1
Autosomal_Dominant_Disorder,regular,1,0,1,0.000000,0.000454,False,353,1
Autosomal_Recessive_Disorder,regular,1,0,1,0.000000,0.000454,False,354,1
beta_Thalassemia,regular,1,0,1,0.000000,0.000454,False,355,1
Charcot_Marie_Tooth_Disease,regular,1,0,1,0.000000,0.000454,False,357,1
Congenital_Disorders,regular,1,0,1,0.000000,0.000454,False,358,1
Connective_Tissue_Diseases,regular,1,0,1,0.000000,0.000454,False,359,1
Cystic_Fibrosis,regular,1,0,1,0.000000,0.000454,False,360,1
Fabry_Disease,regular,1,0,1,0.000000,0.000454,False,362,1
Familial_Alzheimer_s_disease,regular,1,0,1,0.000000,0.000454,False,363,1
Familial_disease,regular,1,0,1,0.000000,0.000454,False,364,1
Familial_Mediterranean_Fever,regular,1,0,1,0.000000,0.000454,False,365,1
Gaucher_Disease,regular,1,0,1,0.000000,0.000454,False,366,1
hearing_impairment,regular,1,0,1,0.000000,0.000454,False,367,1
Hepatolenticular_Degeneration,regular,1,0,1,0.000000,0.000454,False,368,1
Huntington_Disease,regular,1,0,1,0.000000,0.000454,False,369,1
Hypercholesterolemia_Familial,regular,1,0,1,0.000000,0.000454,False,370,1
Immunologic_Deficiency_Syndromes,regular,1,0,1,0.000000,0.000454,False,371,1
Leukoencephalopathy,regular,1,0,1,0.000000,0.000454,False,372,1
Long_QT_Syndrome,regular,1,0,1,0.000000,0.000454,False,373,1
Lysosomal_Storage_Diseases,regular,1,0,1,0.000000,0.000454,False,374,1
Marfan_Syndrome,regular,1,0,1,0.000000,0.000454,False,375,1
Mitochondrial_Diseases,regular,1,0,1,0.000000,0.000454,False,376,1
Muscular_Dystrophies,regular,1,0,1,0.000000,0.000454,False,377,1
Muscular_Dystrophy_Duchenne,regular,1,0,1,0.000000,0.000454,False,378,1
Myasthenic_Syndromes_Congenital,regular,1,0,1,0.000000,0.000454,False,379,1
Myopathy,regular,1,0,1,0.000000,0.000454,False,380,1
nervous_system_disorder,regular,1,0,1,0.000000,0.000454,False,381,1
Neuromuscular_Diseases,regular,1,0,1,0.000000,0.000454,False,382,1
Osteogenesis_Imperfecta,regular,1,0,1,0.000000,0.000454,False,383,1
Parkinsonian_Disorders,regular,1,0,1,0.000000,0.000454,False,384,1
Primary_immune_deficiency_disorder,regular,1,0,1,0.000000,0.000454,False,386,1
Retinal_Degeneration,regular,1,0,1,0.000000,0.000454,False,388,1
Retinitis_Pigmentosa,regular,1,0,1,0.000000,0.000454,False,389,1
Rett_Syndrome,regular,1,0,1,0.000000,0.000454,False,390,1
Skin_Diseases_Genetic,regular,1,0,1,0.000000,0.000454,False,391,1
Spinal_Muscular_Atrophy,regular,1,0,1,0.000000,0.000454,False,392,1
X_linked_agammaglobulinemia,regular,1,0,1,0.000000,0.000454,False,393,1
Mutation_Missense,regular,0,1,1,0.000000,0.000448,False,728,1
Mycobacterium_tuberculosis,regular,0,2,2,0.000000,0.000448,False,729,1
Mycoses,regular,0,1,1,0.000000,0.000448,False,730,1
Neisseria_meningitidis,regular,0,1,1,0.000000,0.000448,False,731,1
Nematoda,regular,0,1,1,0.000000,0.000448,False,732,1
Vasodilation,regular,1,0,1,0.000000,0.000543,False,404,1
Nitroglycerin,regular,0,1,1,0.000000,0.000448,False,733,1
N_Methylaspartate,regular,0,1,1,0.000000,0.000448,False,734,1
Noncommunicable_Diseases,regular,0,1,1,0.000000,0.000448,False,735,1
Nontuberculous_Mycobacteria,regular,0,1,1,0.000000,0.000448,False,736,1
depolarization,regular,4,0,4,0.000000,0.000810,False,409,1
Cerebral_Infarction,regular,1,0,1,0.000000,0.000571,False,26,1
Hydrocephalus,regular,2,0,2,0.000000,0.000761,False,28,1
Stroke_Acute,regular,1,0,1,0.000000,0.000571,False,30,1
Oleic_Acid,regular,0,1,1,0.000000,0.000448,False,737,1
Oncogenes,regular,0,1,1,0.000000,0.000448,False,738,1
Opioids,regular,0,1,1,0.000000,0.000448,False,739,1
Organism,regular,0,1,1,0.000000,0.000448,False,740,1
Orthomyxoviridae,regular,0,1,1,0.000000,0.000448,False,741,1
Ovalbumin,regular,0,1,1,0.000000,0.000448,False,742,1
Oxidants,regular,0,1,1,0.000000,0.000448,False,743,1
oxidized_low_density_lipoprotein,regular,0,4,4,0.000000,0.000448,False,744,1
Oxidopamine,regular,0,3,3,0.000000,0.000448,False,745,1
Oxygen,regular,0,1,1,0.000000,0.000448,False,746,1
Oxytocin,regular,0,2,2,0.000000,0.000448,False,747,1
Palmitates,regular,0,1,1,0.000000,0.000448,False,748,1
Pandemics,regular,0,1,1,0.000000,0.000448,False,749,1
Paraquat,regular,0,2,2,0.000000,0.000448,False,750,1
Parasites,regular,0,1,1,0.000000,0.000448,False,751,1
parathyroid_hormone_related_protein,regular,0,1,1,0.000000,0.000448,False,752,1
particle,regular,0,3,3,0.000000,0.000448,False,753,1
Pathogenic_organism,regular,0,1,1,0.000000,0.000448,False,754,1
Pathogenic_Variant,regular,0,1,1,0.000000,0.000448,False,755,1
Experimental_Autoimmune_Encephalomyelitis,regular,1,0,1,0.000000,0.000575,False,419,1
Pesticides,regular,0,2,2,0.000000,0.000448,False,756,1
Adverse_drug_effect,regular,1,0,1,0.000000,0.000459,False,423,1
Adverse_reactions,regular,1,0,1,0.000000,0.000459,False,425,1
Cardiotoxicity,regular,1,0,1,0.000000,0.000459,False,426,1
Falls,regular,1,0,1,0.000000,0.000459,False,427,1
Poisoning,regular,1,0,1,0.000000,0.000459,False,429,1
Torsades_de_Pointes,regular,1,0,1,0.000000,0.000459,False,431,1
Toxic_Epidermal_Necrolysis,regular,1,0,1,0.000000,0.000459,False,432,1
Weight_Gain,regular,1,0,1,0.000000,0.000459,False,433,1
Alopecia,regular,1,0,1,0.000000,0.000473,False,435,1
Febrile_neutropenia,regular,1,0,1,0.000000,0.000473,False,436,1
Leukopenia,regular,1,0,1,0.000000,0.000473,False,437,1
Mucositis,regular,1,0,1,0.000000,0.000473,False,438,1
Myelosuppression,regular,1,0,1,0.000000,0.000473,False,439,1
Neuropathy,regular,1,0,1,0.000000,0.000473,False,440,1
Neutropenia,regular,2,0,2,0.000000,0.000486,False,441,1
Oral_Mucositis,regular,1,0,1,0.000000,0.000473,False,442,1
Peripheral_Neuropathy,regular,1,0,1,0.000000,0.000473,False,443,1
Stomatitis,regular,1,0,1,0.000000,0.000473,False,444,1
Thrombocytopenia,regular,1,0,1,0.000000,0.000473,False,445,1
Physical_findings,regular,0,1,1,0.000000,0.000448,False,757,1
Placental_Insufficiency,regular,0,1,1,0.000000,0.000448,False,758,1
Point_Mutation,regular,0,1,1,0.000000,0.000448,False,759,1
Polyomavirus,regular,0,1,1,0.000000,0.000448,False,760,1
Potassium_Chloride,regular,0,1,1,0.000000,0.000448,False,761,1
potassium_oxonate,regular,0,1,1,0.000000,0.000448,False,762,1
Prion_Diseases,regular,1,0,1,0.000000,0.000575,False,457,1
Propofol,regular,0,1,1,0.000000,0.000448,False,763,1
Anabolism,regular,1,0,1,0.000000,0.000490,False,461,1
Protozoa,regular,0,1,1,0.000000,0.000448,False,764,1
Protozoan_parasite,regular,0,1,1,0.000000,0.000448,False,765,1
Pulmonary_Embolism,regular,0,1,1,0.000000,0.000448,False,766,1
Radiation,regular,0,2,2,0.000000,0.000448,False,767,1
Radiation_therapy,regular,0,2,2,0.000000,0.000448,False,768,1
Oxidative_Damage,regular,1,0,1,0.000000,0.000473,False,465,1
Tissue_damage,regular,1,0,1,0.000000,0.000473,False,466,1
Recurrence,regular,0,1,1,0.000000,0.000448,False,769,1
Relaxation,regular,0,1,1,0.000000,0.000448,False,770,1
Reperfusion_Injury,regular,0,2,2,0.000000,0.000448,False,771,1
Respiratory_Insufficiency,regular,0,1,1,0.000000,0.000448,False,772,1
Respiratory_syncytial_virus,regular,0,1,1,0.000000,0.000448,False,773,1
Respiratory_Syncytial_Virus_Infections,regular,0,1,1,0.000000,0.000448,False,774,1
Retroviridae,regular,0,1,1,0.000000,0.000448,False,775,1
Rhabdomyolysis,regular,0,1,1,0.000000,0.000448,False,776,1
RNA_Viruses,regular,0,1,1,0.000000,0.000448,False,777,1
ROS1_wt_Allele_ROS1,regular,0,1,1,0.000000,0.000448,False,778,1
rotenone,regular,0,1,1,0.000000,0.000448,False,779,1
Rotenone,regular,0,1,1,0.000000,0.000448,False,780,1
Rous_sarcoma_virus,regular,0,1,1,0.000000,0.000448,False,781,1
Salmonella,regular,0,1,1,0.000000,0.000448,False,782,1
SARS_coronavirus,regular,0,1,1,0.000000,0.000448,False,783,1
Amnesia,regular,1,0,1,0.000000,0.000543,False,480,1
sevoflurane,regular,0,2,2,0.000000,0.000448,False,784,1
Shock_Cardiogenic,regular,0,1,1,0.000000,0.000448,False,785,1
Shock_Hemorrhagic,regular,0,1,1,0.000000,0.000448,False,786,1
Simian_virus_40,regular,0,1,1,0.000000,0.000448,False,787,1
Amino_Acid_Substitution,regular,1,0,1,0.000000,0.000638,False,484,1
Smoke,regular,0,1,1,0.000000,0.000448,False,788,1
Sodium_Glutamate,regular,0,1,1,0.000000,0.000448,False,789,1
Solutions,regular,0,1,1,0.000000,0.000448,False,790,1
Spinal_Cord_Injuries,regular,0,1,1,0.000000,0.000448,False,791,1
Staphylococcus_aureus,regular,0,1,1,0.000000,0.000448,False,792,1
Starvation,regular,0,1,1,0.000000,0.000448,False,793,1
Glaucoma,regular,1,0,1,0.000000,0.000524,False,494,1
Streptococcus,regular,0,1,1,0.000000,0.000448,False,794,1
Streptococcus_Group_B,regular,0,1,1,0.000000,0.000448,False,795,1
Streptococcus_pneumoniae,regular,0,1,1,0.000000,0.000448,False,796,1
Streptococcus_pyogenes,regular,0,1,1,0.000000,0.000448,False,797,1
Diabetes_Mellitus_Insulin_Dependent,regular,2,0,2,0.000000,0.000538,False,497,1
diabetic,regular,1,0,1,0.000000,0.000495,False,498,1
Diabetic,regular,1,0,1,0.000000,0.000490,False,500,1
Dependence,regular,1,0,1,0.000000,0.000502,False,502,1
Subarachnoid_Hemorrhage,regular,0,1,1,0.000000,0.000448,False,798,1
Substance_P,regular,0,2,2,0.000000,0.000448,False,799,1
Sudden_infant_death_syndrome,regular,0,1,1,0.000000,0.000448,False,800,1
Systolic_dysfunction,regular,0,1,1,0.000000,0.000448,False,801,1
Tachycardia,regular,0,2,2,0.000000,0.000448,False,802,1
tert_Butylhydroperoxide,regular,0,1,1,0.000000,0.000448,False,803,1
Tetradecanoylphorbol_Acetate,regular,0,1,1,0.000000,0.000448,False,804,1
TGFB1_protein_human_TGFB1,regular,0,1,1,0.000000,0.000448,False,805,1
Growth_arrest,regular,1,0,1,0.000000,0.000461,False,513,1
Hypothyroidism,regular,1,0,1,0.000000,0.000461,False,514,1
Thioacetamide,regular,0,2,2,0.000000,0.000448,False,806,1
Thiopental,regular,0,1,1,0.000000,0.000448,False,807,1
Thromboembolism,regular,0,1,1,0.000000,0.000448,False,808,1
Thrombophilia,regular,0,1,1,0.000000,0.000448,False,809,1
Thrombus,regular,0,3,3,0.000000,0.000448,False,810,1
Adhesions,regular,1,0,1,0.000000,0.000475,False,517,1
Exocytosis,regular,1,0,1,0.000000,0.000475,False,518,1
Up_Regulation_Physiology,regular,1,0,1,0.000000,0.000475,False,519,1
Toxin,regular,0,2,2,0.000000,0.000448,False,811,1
Toxoplasma_gondii,regular,0,1,1,0.000000,0.000448,False,812,1
Transforming_Growth_Factor_beta,regular,0,1,1,0.000000,0.000448,False,813,1
Treatment_Protocols,regular,0,1,1,0.000000,0.000448,False,814,1
Trisomy,regular,0,1,1,0.000000,0.000448,False,815,1
Tuberculosis,regular,0,2,2,0.000000,0.000448,False,816,1
Turpentine,regular,0,1,1,0.000000,0.000448,False,817,1
U_44619,regular,0,1,1,0.000000,0.000448,False,818,1
Vaccination,regular,0,1,1,0.000000,0.000448,False,819,1
Vaccines,regular,0,2,2,0.000000,0.000448,False,820,1
Venoms,regular,0,1,1,0.000000,0.000448,False,821,1
Virulence_Factors,regular,0,1,1,0.000000,0.000448,False,822,1
Acute_Erythroblastic_Leukemia,regular,1,0,1,0.000000,0.000467,False,532,1
Cytopathic_effect,regular,1,0,1,0.000000,0.000467,False,534,1
Encephalitis,regular,1,0,1,0.000000,0.000467,False,535,1
Hemorrhagic_Fevers_Viral,regular,1,0,1,0.000000,0.000467,False,536,1
Hepatitis,regular,1,0,1,0.000000,0.000467,False,537,1
Rickets,regular,1,0,1,0.000000,0.000638,False,543,1
Vitamin_K_3,regular,0,1,1,0.000000,0.000448,False,823,1
West_Nile_virus,regular,0,1,1,0.000000,0.000448,False,824,1
Blood_Coagulation_Disorders,regular,1,0,1,0.000000,0.000490,False,546,1
Pseudoaneurysm,regular,1,0,1,0.000000,0.000490,False,547,1
Xenobiotics,regular,0,1,1,0.000000,0.000448,False,825,1
Xylella_fastidiosa,regular,0,1,1,0.000000,0.000448,False,826,1
Zymosan,regular,0,1,1,0.000000,0.000448,False,827,1
